{
  "lang":"en",
  "name":"pipeline",
  "version":"0.0.0",
  "spacy_version":">=3.4.0,<3.5.0",
  "description":"",
  "author":"",
  "email":"",
  "url":"",
  "license":"",
  "spacy_git_version":"Unknown",
  "vectors":{
    "width":0,
    "vectors":0,
    "keys":0,
    "name":null,
    "mode":"default"
  },
  "labels":{
    "textcat_multilabel":[
      "3",
      "4",
      "2",
      "5",
      "1"
    ]
  },
  "pipeline":[
    "textcat_multilabel"
  ],
  "components":[
    "textcat_multilabel"
  ],
  "disabled":[

  ],
  "performance":{
    "cats_score":0.7539740679,
    "cats_score_desc":"macro AUC",
    "cats_micro_p":0.6666666667,
    "cats_micro_r":0.4990619137,
    "cats_micro_f":0.5708154506,
    "cats_macro_p":0.5166647727,
    "cats_macro_r":0.3469902573,
    "cats_macro_f":0.4025622597,
    "cats_macro_auc":0.7539740679,
    "cats_f_per_type":{
      "3":{
        "p":0.26,
        "r":0.1226415094,
        "f":0.1666666667
      },
      "4":{
        "p":0.4296875,
        "r":0.235042735,
        "f":0.3038674033
      },
      "2":{
        "p":0.36,
        "r":0.1153846154,
        "f":0.1747572816
      },
      "5":{
        "p":0.7636363636,
        "r":0.7682926829,
        "f":0.7659574468
      },
      "1":{
        "p":0.77,
        "r":0.4935897436,
        "f":0.6015625
      }
    },
    "cats_macro_auc_per_type":0.0,
    "textcat_multilabel_loss":1.3194815848
  }
}