{
  "lang":"en",
  "name":"pipeline",
  "version":"0.0.0",
  "spacy_version":">=3.4.0,<3.5.0",
  "description":"",
  "author":"",
  "email":"",
  "url":"",
  "license":"",
  "spacy_git_version":"Unknown",
  "vectors":{
    "width":0,
    "vectors":0,
    "keys":0,
    "name":null,
    "mode":"default"
  },
  "labels":{
    "textcat_multilabel":[
      "3",
      "4",
      "2",
      "5",
      "1"
    ]
  },
  "pipeline":[
    "textcat_multilabel"
  ],
  "components":[
    "textcat_multilabel"
  ],
  "disabled":[

  ],
  "performance":{
    "cats_score":0.7652600169,
    "cats_score_desc":"macro AUC",
    "cats_micro_p":0.6941624365,
    "cats_micro_r":0.5131332083,
    "cats_micro_f":0.5900755124,
    "cats_macro_p":0.5425675941,
    "cats_macro_r":0.3618948163,
    "cats_macro_f":0.4164708707,
    "cats_macro_auc":0.7652600169,
    "cats_f_per_type":{
      "3":{
        "p":0.2857142857,
        "r":0.0943396226,
        "f":0.1418439716
      },
      "4":{
        "p":0.4719101124,
        "r":0.1794871795,
        "f":0.2600619195
      },
      "2":{
        "p":0.4285714286,
        "r":0.1923076923,
        "f":0.2654867257
      },
      "5":{
        "p":0.7630057803,
        "r":0.8048780488,
        "f":0.7833827893
      },
      "1":{
        "p":0.7636363636,
        "r":0.5384615385,
        "f":0.6315789474
      }
    },
    "cats_macro_auc_per_type":0.0,
    "textcat_multilabel_loss":4.4121720387
  }
}